"filename", "language", "JSON", "JSON with Comments", "JavaScript", "SCSS", "TypeScript", "HTML", "PostCSS", "comment", "blank", "total"
"d:\CMS\CMS-15\frontend\.angular\cache\19.2.24\frontend\vite\deps\@angular_cdk_bidi.js", "JavaScript", 0, 0, 19, 0, 0, 0, 0, 0, 1, 20
"d:\CMS\CMS-15\frontend\.angular\cache\19.2.24\frontend\vite\deps\@angular_cdk_scrolling.js", "JavaScript", 0, 0, 52, 0, 0, 0, 0, 0, 1, 53
"d:\CMS\CMS-15\frontend\.angular\cache\19.2.24\frontend\vite\deps\@angular_cdk_text-field.js", "JavaScript", 0, 0, 21, 0, 0, 0, 0, 0, 1, 22
"d:\CMS\CMS-15\frontend\.angular\cache\19.2.24\frontend\vite\deps\@angular_common.js", "JavaScript", 0, 0, 205, 0, 0, 0, 0, 0, 1, 206
"d:\CMS\CMS-15\frontend\.angular\cache\19.2.24\frontend\vite\deps\@angular_common_http.js", "JavaScript", 0, 0, 89, 0, 0, 0, 0, 0, 1, 90
"d:\CMS\CMS-15\frontend\.angular\cache\19.2.24\frontend\vite\deps\@angular_core.js", "JavaScript", 0, 0, 1020, 0, 0, 0, 0, 0, 1, 1021
"d:\CMS\CMS-15\frontend\.angular\cache\19.2.24\frontend\vite\deps\@angular_forms.js", "JavaScript", 0, 0, 137, 0, 0, 0, 0, 0, 1, 138
"d:\CMS\CMS-15\frontend\.angular\cache\19.2.24\frontend\vite\deps\@angular_material_badge.js", "JavaScript", 0, 0, 338, 0, 0, 0, 0, 37, 2, 377
"d:\CMS\CMS-15\frontend\.angular\cache\19.2.24\frontend\vite\deps\@angular_material_button-toggle.js", "JavaScript", 0, 0, 903, 0, 0, 0, 0, 87, 2, 992
"d:\CMS\CMS-15\frontend\.angular\cache\19.2.24\frontend\vite\deps\@angular_material_button.js", "JavaScript", 0, 0, 47, 0, 0, 0, 0, 0, 1, 48
"d:\CMS\CMS-15\frontend\.angular\cache\19.2.24\frontend\vite\deps\@angular_material_card.js", "JavaScript", 0, 0, 467, 0, 0, 0, 0, 5, 2, 474
"d:\CMS\CMS-15\frontend\.angular\cache\19.2.24\frontend\vite\deps\@angular_material_checkbox.js", "JavaScript", 0, 0, 745, 0, 0, 0, 0, 81, 2, 828
"d:\CMS\CMS-15\frontend\.angular\cache\19.2.24\frontend\vite\deps\@angular_material_chips.js", "JavaScript", 0, 0, 2515, 0, 0, 0, 0, 377, 2, 2894
"d:\CMS\CMS-15\frontend\.angular\cache\19.2.24\frontend\vite\deps\@angular_material_core.js", "JavaScript", 0, 0, 524, 0, 0, 0, 0, 34, 3, 561
"d:\CMS\CMS-15\frontend\.angular\cache\19.2.24\frontend\vite\deps\@angular_material_datepicker.js", "JavaScript", 0, 0, 5881, 0, 0, 0, 0, 361, 9, 6251
"d:\CMS\CMS-15\frontend\.angular\cache\19.2.24\frontend\vite\deps\@angular_material_dialog.js", "JavaScript", 0, 0, 1608, 0, 0, 0, 0, 424, 4, 2036
"d:\CMS\CMS-15\frontend\.angular\cache\19.2.24\frontend\vite\deps\@angular_material_divider.js", "JavaScript", 0, 0, 123, 0, 0, 0, 0, 4, 2, 129
"d:\CMS\CMS-15\frontend\.angular\cache\19.2.24\frontend\vite\deps\@angular_material_expansion.js", "JavaScript", 0, 0, 1090, 0, 0, 0, 0, 113, 3, 1206
"d:\CMS\CMS-15\frontend\.angular\cache\19.2.24\frontend\vite\deps\@angular_material_form-field.js", "JavaScript", 0, 0, 90, 0, 0, 0, 0, 12, 2, 104
"d:\CMS\CMS-15\frontend\.angular\cache\19.2.24\frontend\vite\deps\@angular_material_icon.js", "JavaScript", 0, 0, 760, 0, 0, 0, 0, 220, 3, 983
"d:\CMS\CMS-15\frontend\.angular\cache\19.2.24\frontend\vite\deps\@angular_material_input.js", "JavaScript", 0, 0, 539, 0, 0, 0, 0, 101, 2, 642
"d:\CMS\CMS-15\frontend\.angular\cache\19.2.24\frontend\vite\deps\@angular_material_progress-bar.js", "JavaScript", 0, 0, 303, 0, 0, 0, 0, 33, 2, 338
"d:\CMS\CMS-15\frontend\.angular\cache\19.2.24\frontend\vite\deps\@angular_material_progress-spinner.js", "JavaScript", 0, 0, 314, 0, 0, 0, 0, 29, 2, 345
"d:\CMS\CMS-15\frontend\.angular\cache\19.2.24\frontend\vite\deps\@angular_material_radio.js", "JavaScript", 0, 0, 817, 0, 0, 0, 0, 123, 2, 942
"d:\CMS\CMS-15\frontend\.angular\cache\19.2.24\frontend\vite\deps\@angular_material_select.js", "JavaScript", 0, 0, 1471, 0, 0, 0, 0, 252, 3, 1726
"d:\CMS\CMS-15\frontend\.angular\cache\19.2.24\frontend\vite\deps\@angular_material_table.js", "JavaScript", 0, 0, 3312, 0, 0, 0, 0, 621, 3, 3936
"d:\CMS\CMS-15\frontend\.angular\cache\19.2.24\frontend\vite\deps\@angular_material_tabs.js", "JavaScript", 0, 0, 2737, 0, 0, 0, 0, 378, 2, 3117
"d:\CMS\CMS-15\frontend\.angular\cache\19.2.24\frontend\vite\deps\@angular_material_tooltip.js", "JavaScript", 0, 0, 1004, 0, 0, 0, 0, 109, 3, 1116
"d:\CMS\CMS-15\frontend\.angular\cache\19.2.24\frontend\vite\deps\@angular_platform-browser.js", "JavaScript", 0, 0, 87, 0, 0, 0, 0, 0, 1, 88
"d:\CMS\CMS-15\frontend\.angular\cache\19.2.24\frontend\vite\deps\@angular_platform-browser_animations.js", "JavaScript", 0, 0, 4367, 0, 0, 0, 0, 84, 5, 4456
"d:\CMS\CMS-15\frontend\.angular\cache\19.2.24\frontend\vite\deps\@angular_router.js", "JavaScript", 0, 0, 5339, 0, 0, 0, 0, 654, 4, 5997
"d:\CMS\CMS-15\frontend\.angular\cache\19.2.24\frontend\vite\deps\@ngrx_store.js", "JavaScript", 0, 0, 1359, 0, 0, 0, 0, 41, 3, 1403
"d:\CMS\CMS-15\frontend\.angular\cache\19.2.24\frontend\vite\deps\@tiptap_core.js", "JavaScript", 0, 0, 254, 0, 0, 0, 0, 0, 1, 255
"d:\CMS\CMS-15\frontend\.angular\cache\19.2.24\frontend\vite\deps\@tiptap_extension-bold.js", "JavaScript", 0, 0, 126, 0, 0, 0, 0, 3, 3, 132
"d:\CMS\CMS-15\frontend\.angular\cache\19.2.24\frontend\vite\deps\@tiptap_extension-bullet-list.js", "JavaScript", 0, 0, 10, 0, 0, 0, 0, 2, 2, 14
"d:\CMS\CMS-15\frontend\.angular\cache\19.2.24\frontend\vite\deps\@tiptap_extension-document.js", "JavaScript", 0, 0, 20, 0, 0, 0, 0, 2, 2, 24
"d:\CMS\CMS-15\frontend\.angular\cache\19.2.24\frontend\vite\deps\@tiptap_extension-hard-break.js", "JavaScript", 0, 0, 89, 0, 0, 0, 0, 2, 2, 93
"d:\CMS\CMS-15\frontend\.angular\cache\19.2.24\frontend\vite\deps\@tiptap_extension-heading.js", "JavaScript", 0, 0, 101, 0, 0, 0, 0, 2, 2, 105
"d:\CMS\CMS-15\frontend\.angular\cache\19.2.24\frontend\vite\deps\@tiptap_extension-history.js", "JavaScript", 0, 0, 10, 0, 0, 0, 0, 2, 2, 14
"d:\CMS\CMS-15\frontend\.angular\cache\19.2.24\frontend\vite\deps\@tiptap_extension-image.js", "JavaScript", 0, 0, 175, 0, 0, 0, 0, 2, 2, 179
"d:\CMS\CMS-15\frontend\.angular\cache\19.2.24\frontend\vite\deps\@tiptap_extension-italic.js", "JavaScript", 0, 0, 102, 0, 0, 0, 0, 2, 2, 106
"d:\CMS\CMS-15\frontend\.angular\cache\19.2.24\frontend\vite\deps\@tiptap_extension-link.js", "JavaScript", 0, 0, 1440, 0, 0, 0, 0, 182, 3, 1625
"d:\CMS\CMS-15\frontend\.angular\cache\19.2.24\frontend\vite\deps\@tiptap_extension-list-item.js", "JavaScript", 0, 0, 10, 0, 0, 0, 0, 2, 2, 14
"d:\CMS\CMS-15\frontend\.angular\cache\19.2.24\frontend\vite\deps\@tiptap_extension-ordered-list.js", "JavaScript", 0, 0, 10, 0, 0, 0, 0, 2, 2, 14
"d:\CMS\CMS-15\frontend\.angular\cache\19.2.24\frontend\vite\deps\@tiptap_extension-paragraph.js", "JavaScript", 0, 0, 72, 0, 0, 0, 0, 2, 2, 76
"d:\CMS\CMS-15\frontend\.angular\cache\19.2.24\frontend\vite\deps\@tiptap_extension-placeholder.js", "JavaScript", 0, 0, 10, 0, 0, 0, 0, 2, 2, 14
"d:\CMS\CMS-15\frontend\.angular\cache\19.2.24\frontend\vite\deps\@tiptap_extension-strike.js", "JavaScript", 0, 0, 85, 0, 0, 0, 0, 2, 2, 89
"d:\CMS\CMS-15\frontend\.angular\cache\19.2.24\frontend\vite\deps\@tiptap_extension-text-align.js", "JavaScript", 0, 0, 82, 0, 0, 0, 0, 2, 2, 86
"d:\CMS\CMS-15\frontend\.angular\cache\19.2.24\frontend\vite\deps\@tiptap_extension-text.js", "JavaScript", 0, 0, 20, 0, 0, 0, 0, 2, 2, 24
"d:\CMS\CMS-15\frontend\.angular\cache\19.2.24\frontend\vite\deps\@tiptap_extension-underline.js", "JavaScript", 0, 0, 84, 0, 0, 0, 0, 2, 2, 88
"d:\CMS\CMS-15\frontend\.angular\cache\19.2.24\frontend\vite\deps\_metadata.json", "JSON", 463, 0, 0, 0, 0, 0, 0, 0, 0, 463
"d:\CMS\CMS-15\frontend\.angular\cache\19.2.24\frontend\vite\deps\chart__js.js", "JavaScript", 0, 0, 15067, 0, 0, 0, 0, 94, 4, 15165
"d:\CMS\CMS-15\frontend\.angular\cache\19.2.24\frontend\vite\deps\chunk-2O4WY5GE.js", "JavaScript", 0, 0, 60, 0, 0, 0, 0, 2, 2, 64
"d:\CMS\CMS-15\frontend\.angular\cache\19.2.24\frontend\vite\deps\chunk-42FJBLFI.js", "JavaScript", 0, 0, 11, 0, 0, 0, 0, 3, 2, 16
"d:\CMS\CMS-15\frontend\.angular\cache\19.2.24\frontend\vite\deps\chunk-4S3KYZTJ.js", "JavaScript", 0, 0, 4383, 0, 0, 0, 0, 189, 189, 4761
"d:\CMS\CMS-15\frontend\.angular\cache\19.2.24\frontend\vite\deps\chunk-7RX35FCP.js", "JavaScript", 0, 0, 81, 0, 0, 0, 0, 8, 3, 92
"d:\CMS\CMS-15\frontend\.angular\cache\19.2.24\frontend\vite\deps\chunk-A7YERVP2.js", "JavaScript", 0, 0, 225, 0, 0, 0, 0, 75, 5, 305
"d:\CMS\CMS-15\frontend\.angular\cache\19.2.24\frontend\vite\deps\chunk-AOLWQF35.js", "JavaScript", 0, 0, 75, 0, 0, 0, 0, 6, 4, 85
"d:\CMS\CMS-15\frontend\.angular\cache\19.2.24\frontend\vite\deps\chunk-BORHIWVB.js", "JavaScript", 0, 0, 1115, 0, 0, 0, 0, 116, 4, 1235
"d:\CMS\CMS-15\frontend\.angular\cache\19.2.24\frontend\vite\deps\chunk-DEDJJ4G4.js", "JavaScript", 0, 0, 108, 0, 0, 0, 0, 23, 3, 134
"d:\CMS\CMS-15\frontend\.angular\cache\19.2.24\frontend\vite\deps\chunk-DKZICT2Q.js", "JavaScript", 0, 0, 25185, 0, 0, 0, 0, 1847, 7, 27039
"d:\CMS\CMS-15\frontend\.angular\cache\19.2.24\frontend\vite\deps\chunk-EKWZA6I2.js", "JavaScript", 0, 0, 2476, 0, 0, 0, 0, 421, 4, 2901
"d:\CMS\CMS-15\frontend\.angular\cache\19.2.24\frontend\vite\deps\chunk-FGPW22PQ.js", "JavaScript", 0, 0, 65, 0, 0, 0, 0, 26, 4, 95
"d:\CMS\CMS-15\frontend\.angular\cache\19.2.24\frontend\vite\deps\chunk-GP4QTX5M.js", "JavaScript", 0, 0, 1323, 0, 0, 0, 0, 243, 3, 1569
"d:\CMS\CMS-15\frontend\.angular\cache\19.2.24\frontend\vite\deps\chunk-HAOVT6NK.js", "JavaScript", 0, 0, 72, 0, 0, 0, 0, 3, 3, 78
"d:\CMS\CMS-15\frontend\.angular\cache\19.2.24\frontend\vite\deps\chunk-JDPQSXCP.js", "JavaScript", 0, 0, 16660, 0, 0, 0, 0, 1999, 13, 18672
"d:\CMS\CMS-15\frontend\.angular\cache\19.2.24\frontend\vite\deps\chunk-JQOUQGC6.js", "JavaScript", 0, 0, 168, 0, 0, 0, 0, 12, 4, 184
"d:\CMS\CMS-15\frontend\.angular\cache\19.2.24\frontend\vite\deps\chunk-JXBCBRYI.js", "JavaScript", 0, 0, 27, 0, 0, 0, 0, 4, 4, 35
"d:\CMS\CMS-15\frontend\.angular\cache\19.2.24\frontend\vite\deps\chunk-K3PN73RT.js", "JavaScript", 0, 0, 43, 0, 0, 0, 0, 2, 3, 48
"d:\CMS\CMS-15\frontend\.angular\cache\19.2.24\frontend\vite\deps\chunk-LQTHSVMV.js", "JavaScript", 0, 0, 38, 0, 0, 0, 0, 2, 3, 43
"d:\CMS\CMS-15\frontend\.angular\cache\19.2.24\frontend\vite\deps\chunk-MH2EZCSF.js", "JavaScript", 0, 0, 1238, 0, 0, 0, 0, 35, 7, 1280
"d:\CMS\CMS-15\frontend\.angular\cache\19.2.24\frontend\vite\deps\chunk-N4NUAF3H.js", "JavaScript", 0, 0, 69, 0, 0, 0, 0, 7, 4, 80
"d:\CMS\CMS-15\frontend\.angular\cache\19.2.24\frontend\vite\deps\chunk-NRN3JK2U.js", "JavaScript", 0, 0, 558, 0, 0, 0, 0, 63, 5, 626
"d:\CMS\CMS-15\frontend\.angular\cache\19.2.24\frontend\vite\deps\chunk-O4ZHFB2A.js", "JavaScript", 0, 0, 989, 0, 0, 0, 0, 48, 4, 1041
"d:\CMS\CMS-15\frontend\.angular\cache\19.2.24\frontend\vite\deps\chunk-OIBNGD5S.js", "JavaScript", 0, 0, 0, 0, 0, 0, 0, 0, 1, 1
"d:\CMS\CMS-15\frontend\.angular\cache\19.2.24\frontend\vite\deps\chunk-OUU4C372.js", "JavaScript", 0, 0, 468, 0, 0, 0, 0, 41, 3, 512
"d:\CMS\CMS-15\frontend\.angular\cache\19.2.24\frontend\vite\deps\chunk-PEBH6BBU.js", "JavaScript", 0, 0, 24, 0, 0, 0, 0, 3, 4, 31
"d:\CMS\CMS-15\frontend\.angular\cache\19.2.24\frontend\vite\deps\chunk-PT3PKTBD.js", "JavaScript", 0, 0, 530, 0, 0, 0, 0, 87, 3, 620
"d:\CMS\CMS-15\frontend\.angular\cache\19.2.24\frontend\vite\deps\chunk-QFYAOJHZ.js", "JavaScript", 0, 0, 1337, 0, 0, 0, 0, 131, 3, 1471
"d:\CMS\CMS-15\frontend\.angular\cache\19.2.24\frontend\vite\deps\chunk-QTJMHJ2E.js", "JavaScript", 0, 0, 64, 0, 0, 0, 0, 6, 3, 73
"d:\CMS\CMS-15\frontend\.angular\cache\19.2.24\frontend\vite\deps\chunk-R25CBD4A.js", "JavaScript", 0, 0, 96, 0, 0, 0, 0, 92, 3, 191
"d:\CMS\CMS-15\frontend\.angular\cache\19.2.24\frontend\vite\deps\chunk-R45BJ5S2.js", "JavaScript", 0, 0, 7, 0, 0, 0, 0, 2, 3, 12
"d:\CMS\CMS-15\frontend\.angular\cache\19.2.24\frontend\vite\deps\chunk-RAET7PWN.js", "JavaScript", 0, 0, 34, 0, 0, 0, 0, 13, 4, 51
"d:\CMS\CMS-15\frontend\.angular\cache\19.2.24\frontend\vite\deps\chunk-RBBRWQXC.js", "JavaScript", 0, 0, 2146, 0, 0, 0, 0, 422, 4, 2572
"d:\CMS\CMS-15\frontend\.angular\cache\19.2.24\frontend\vite\deps\chunk-S6UDFRXH.js", "JavaScript", 0, 0, 2693, 0, 0, 0, 0, 467, 22, 3182
"d:\CMS\CMS-15\frontend\.angular\cache\19.2.24\frontend\vite\deps\chunk-UFAU5GMQ.js", "JavaScript", 0, 0, 37, 0, 0, 0, 0, 2, 3, 42
"d:\CMS\CMS-15\frontend\.angular\cache\19.2.24\frontend\vite\deps\chunk-UY5XLYMF.js", "JavaScript", 0, 0, 4527, 0, 0, 0, 0, 593, 6, 5126
"d:\CMS\CMS-15\frontend\.angular\cache\19.2.24\frontend\vite\deps\chunk-W3YIVY5K.js", "JavaScript", 0, 0, 158, 0, 0, 0, 0, 14, 3, 175
"d:\CMS\CMS-15\frontend\.angular\cache\19.2.24\frontend\vite\deps\chunk-WCZO66LS.js", "JavaScript", 0, 0, 505, 0, 0, 0, 0, 92, 3, 600
"d:\CMS\CMS-15\frontend\.angular\cache\19.2.24\frontend\vite\deps\chunk-WDMUDEB6.js", "JavaScript", 0, 0, 57, 0, 0, 0, 0, 0, 2, 59
"d:\CMS\CMS-15\frontend\.angular\cache\19.2.24\frontend\vite\deps\chunk-WHS4MJ2K.js", "JavaScript", 0, 0, 4655, 0, 0, 0, 0, 2206, 8, 6869
"d:\CMS\CMS-15\frontend\.angular\cache\19.2.24\frontend\vite\deps\chunk-WPM5VTLQ.js", "JavaScript", 0, 0, 839, 0, 0, 0, 0, 35, 36, 910
"d:\CMS\CMS-15\frontend\.angular\cache\19.2.24\frontend\vite\deps\chunk-WWM66IGH.js", "JavaScript", 0, 0, 1156, 0, 0, 0, 0, 4, 3, 1163
"d:\CMS\CMS-15\frontend\.angular\cache\19.2.24\frontend\vite\deps\chunk-YUPMVM7L.js", "JavaScript", 0, 0, 115, 0, 0, 0, 0, 26, 4, 145
"d:\CMS\CMS-15\frontend\.angular\cache\19.2.24\frontend\vite\deps\chunk-Z5376UJX.js", "JavaScript", 0, 0, 669, 0, 0, 0, 0, 152, 3, 824
"d:\CMS\CMS-15\frontend\.angular\cache\19.2.24\frontend\vite\deps\jwt-decode.js", "JavaScript", 0, 0, 59, 0, 0, 0, 0, 2, 2, 63
"d:\CMS\CMS-15\frontend\.angular\cache\19.2.24\frontend\vite\deps\package.json", "JSON", 3, 0, 0, 0, 0, 0, 0, 0, 1, 4
"d:\CMS\CMS-15\frontend\.angular\cache\19.2.24\frontend\vite\deps\rxjs.js", "JavaScript", 0, 0, 353, 0, 0, 0, 0, 0, 1, 354
"d:\CMS\CMS-15\frontend\.angular\cache\19.2.24\frontend\vite\deps\rxjs_operators.js", "JavaScript", 0, 0, 233, 0, 0, 0, 0, 0, 1, 234
"d:\CMS\CMS-15\frontend\.angular\cache\19.2.24\frontend\vite\deps_ssr\_metadata.json", "JSON", 8, 0, 0, 0, 0, 0, 0, 0, 0, 8
"d:\CMS\CMS-15\frontend\.angular\cache\19.2.24\frontend\vite\deps_ssr\package.json", "JSON", 3, 0, 0, 0, 0, 0, 0, 0, 1, 4
"d:\CMS\CMS-15\frontend\angular.json", "JSON", 77, 0, 0, 0, 0, 0, 0, 0, 1, 78
"d:\CMS\CMS-15\frontend\dist\frontend\browser\chunk-2I6AMFAJ.js", "JavaScript", 0, 0, 20, 0, 0, 0, 0, 2, 2, 24
"d:\CMS\CMS-15\frontend\dist\frontend\browser\chunk-2PVX74I7.js", "JavaScript", 0, 0, 2396, 0, 0, 0, 0, 300, 10, 2706
"d:\CMS\CMS-15\frontend\dist\frontend\browser\chunk-2XYWFGKC.js", "JavaScript", 0, 0, 4282, 0, 0, 0, 0, 779, 8, 5069
"d:\CMS\CMS-15\frontend\dist\frontend\browser\chunk-3AQ65WIE.js", "JavaScript", 0, 0, 8175, 0, 0, 0, 0, 383, 12, 8570
"d:\CMS\CMS-15\frontend\dist\frontend\browser\chunk-3STEHB44.js", "JavaScript", 0, 0, 1065, 0, 0, 0, 0, 40, 1, 1106
"d:\CMS\CMS-15\frontend\dist\frontend\browser\chunk-3WNLQRGW.js", "JavaScript", 0, 0, 1462, 0, 0, 0, 0, 395, 4, 1861
"d:\CMS\CMS-15\frontend\dist\frontend\browser\chunk-3Z5DJJ5P.js", "JavaScript", 0, 0, 153, 0, 0, 0, 0, 1, 1, 155
"d:\CMS\CMS-15\frontend\dist\frontend\browser\chunk-45J5NIUR.js", "JavaScript", 0, 0, 1582, 0, 0, 0, 0, 125, 4, 1711
"d:\CMS\CMS-15\frontend\dist\frontend\browser\chunk-4IRTPAT7.js", "JavaScript", 0, 0, 63, 0, 0, 0, 0, 2, 3, 68
"d:\CMS\CMS-15\frontend\dist\frontend\browser\chunk-4N2UAPLW.js", "JavaScript", 0, 0, 223, 0, 0, 0, 0, 75, 5, 303
"d:\CMS\CMS-15\frontend\dist\frontend\browser\chunk-4NIABVEK.js", "JavaScript", 0, 0, 614, 0, 0, 0, 0, 2, 2, 618
"d:\CMS\CMS-15\frontend\dist\frontend\browser\chunk-5CT7K4C5.js", "JavaScript", 0, 0, 210, 0, 0, 0, 0, 3, 3, 216
"d:\CMS\CMS-15\frontend\dist\frontend\browser\chunk-6ZVAOMCD.js", "JavaScript", 0, 0, 1345, 0, 0, 0, 0, 220, 3, 1568
"d:\CMS\CMS-15\frontend\dist\frontend\browser\chunk-7XCW6XZ5.js", "JavaScript", 0, 0, 392, 0, 0, 0, 0, 1, 1, 394
"d:\CMS\CMS-15\frontend\dist\frontend\browser\chunk-7Z7DHFUG.js", "JavaScript", 0, 0, 3765, 0, 0, 0, 0, 533, 5, 4303
"d:\CMS\CMS-15\frontend\dist\frontend\browser\chunk-A34UCJQT.js", "JavaScript", 0, 0, 193, 0, 0, 0, 0, 4, 4, 201
"d:\CMS\CMS-15\frontend\dist\frontend\browser\chunk-AQGEAI4O.js", "JavaScript", 0, 0, 156, 0, 0, 0, 0, 1, 1, 158
"d:\CMS\CMS-15\frontend\dist\frontend\browser\chunk-AR6YH5VB.js", "JavaScript", 0, 0, 23415, 0, 0, 0, 0, 2231, 41, 25687
"d:\CMS\CMS-15\frontend\dist\frontend\browser\chunk-CDXB2BAQ.js", "JavaScript", 0, 0, 299, 0, 0, 0, 0, 29, 3, 331
"d:\CMS\CMS-15\frontend\dist\frontend\browser\chunk-CEMYG7OQ.js", "JavaScript", 0, 0, 58, 0, 0, 0, 0, 2, 3, 63
"d:\CMS\CMS-15\frontend\dist\frontend\browser\chunk-CRTDLPWS.js", "JavaScript", 0, 0, 2456, 0, 0, 0, 0, 377, 3, 2836
"d:\CMS\CMS-15\frontend\dist\frontend\browser\chunk-CVYYBWZV.js", "JavaScript", 0, 0, 622, 0, 0, 0, 0, 1, 1, 624
"d:\CMS\CMS-15\frontend\dist\frontend\browser\chunk-CYTUIRAD.js", "JavaScript", 0, 0, 5191, 0, 0, 0, 0, 654, 5, 5850
"d:\CMS\CMS-15\frontend\dist\frontend\browser\chunk-EAPEUAI5.js", "JavaScript", 0, 0, 376, 0, 0, 0, 0, 1, 1, 378
"d:\CMS\CMS-15\frontend\dist\frontend\browser\chunk-EEFG2DU3.js", "JavaScript", 0, 0, 32048, 0, 0, 0, 0, 2957, 150, 35155
"d:\CMS\CMS-15\frontend\dist\frontend\browser\chunk-EKZLMXNI.js", "JavaScript", 0, 0, 8472, 0, 0, 0, 0, 23, 4, 8499
"d:\CMS\CMS-15\frontend\dist\frontend\browser\chunk-EUDVSECK.js", "JavaScript", 0, 0, 4608, 0, 0, 0, 0, 2206, 8, 6822
"d:\CMS\CMS-15\frontend\dist\frontend\browser\chunk-FLXXIVZR.js", "JavaScript", 0, 0, 719, 0, 0, 0, 0, 81, 3, 803
"d:\CMS\CMS-15\frontend\dist\frontend\browser\chunk-FNZWVUQX.js", "JavaScript", 0, 0, 313, 0, 0, 0, 0, 1, 1, 315
"d:\CMS\CMS-15\frontend\dist\frontend\browser\chunk-GD5V23GX.js", "JavaScript", 0, 0, 77, 0, 0, 0, 0, 2, 3, 82
"d:\CMS\CMS-15\frontend\dist\frontend\browser\chunk-GDBN6BCT.js", "JavaScript", 0, 0, 2609, 0, 0, 0, 0, 335, 3, 2947
"d:\CMS\CMS-15\frontend\dist\frontend\browser\chunk-IAEIJZ5D.js", "JavaScript", 0, 0, 418, 0, 0, 0, 0, 1, 1, 420
"d:\CMS\CMS-15\frontend\dist\frontend\browser\chunk-IISXYLGY.js", "JavaScript", 0, 0, 54, 0, 0, 0, 0, 2, 3, 59
"d:\CMS\CMS-15\frontend\dist\frontend\browser\chunk-JZKZPJQO.js", "JavaScript", 0, 0, 263, 0, 0, 0, 0, 2, 3, 268
"d:\CMS\CMS-15\frontend\dist\frontend\browser\chunk-KJZBQNBY.js", "JavaScript", 0, 0, 169, 0, 0, 0, 0, 2, 2, 173
"d:\CMS\CMS-15\frontend\dist\frontend\browser\chunk-KZLHNUYU.js", "JavaScript", 0, 0, 446, 0, 0, 0, 0, 2, 2, 450
"d:\CMS\CMS-15\frontend\dist\frontend\browser\chunk-L2IFZTG5.js", "JavaScript", 0, 0, 121, 0, 0, 0, 0, 1, 1, 123
"d:\CMS\CMS-15\frontend\dist\frontend\browser\chunk-LGWFCHXP.js", "JavaScript", 0, 0, 611, 0, 0, 0, 0, 70, 6, 687
"d:\CMS\CMS-15\frontend\dist\frontend\browser\chunk-LU3Z5WPL.js", "JavaScript", 0, 0, 990, 0, 0, 0, 0, 90, 4, 1084
"d:\CMS\CMS-15\frontend\dist\frontend\browser\chunk-LVDNWNOE.js", "JavaScript", 0, 0, 39, 0, 0, 0, 0, 2, 3, 44
"d:\CMS\CMS-15\frontend\dist\frontend\browser\chunk-LW3RSTGS.js", "JavaScript", 0, 0, 424, 0, 0, 0, 0, 1, 1, 426
"d:\CMS\CMS-15\frontend\dist\frontend\browser\chunk-LZ64J4Z2.js", "JavaScript", 0, 0, 376, 0, 0, 0, 0, 1, 1, 378
"d:\CMS\CMS-15\frontend\dist\frontend\browser\chunk-MPBTC6QT.js", "JavaScript", 0, 0, 153, 0, 0, 0, 0, 1, 1, 155
"d:\CMS\CMS-15\frontend\dist\frontend\browser\chunk-MUBHOV4R.js", "JavaScript", 0, 0, 733, 0, 0, 0, 0, 220, 4, 957
"d:\CMS\CMS-15\frontend\dist\frontend\browser\chunk-NAIRVJI4.js", "JavaScript", 0, 0, 319, 0, 0, 0, 0, 1, 1, 321
"d:\CMS\CMS-15\frontend\dist\frontend\browser\chunk-NSIE7BKF.js", "JavaScript", 0, 0, 550, 0, 0, 0, 0, 1, 1, 552
"d:\CMS\CMS-15\frontend\dist\frontend\browser\chunk-O7O65JY7.js", "JavaScript", 0, 0, 541, 0, 0, 0, 0, 1, 1, 543
"d:\CMS\CMS-15\frontend\dist\frontend\browser\chunk-OIBNGD5S.js", "JavaScript", 0, 0, 0, 0, 0, 0, 0, 1, 1, 2
"d:\CMS\CMS-15\frontend\dist\frontend\browser\chunk-OK3ZBLD5.js", "JavaScript", 0, 0, 620, 0, 0, 0, 0, 1, 1, 622
"d:\CMS\CMS-15\frontend\dist\frontend\browser\chunk-OOOZTSIQ.js", "JavaScript", 0, 0, 43, 0, 0, 0, 0, 2, 2, 47
"d:\CMS\CMS-15\frontend\dist\frontend\browser\chunk-OSONSWLW.js", "JavaScript", 0, 0, 288, 0, 0, 0, 0, 33, 3, 324
"d:\CMS\CMS-15\frontend\dist\frontend\browser\chunk-P3RFTSPB.js", "JavaScript", 0, 0, 1582, 0, 0, 0, 0, 218, 5, 1805
"d:\CMS\CMS-15\frontend\dist\frontend\browser\chunk-PKZLNSJX.js", "JavaScript", 0, 0, 437, 0, 0, 0, 0, 124, 4, 565
"d:\CMS\CMS-15\frontend\dist\frontend\browser\chunk-PX7XBW7S.js", "JavaScript", 0, 0, 705, 0, 0, 0, 0, 2, 2, 709
"d:\CMS\CMS-15\frontend\dist\frontend\browser\chunk-PY3H4RL4.js", "JavaScript", 0, 0, 183, 0, 0, 0, 0, 2, 3, 188
"d:\CMS\CMS-15\frontend\dist\frontend\browser\chunk-RDACT5EE.js", "JavaScript", 0, 0, 922, 0, 0, 0, 0, 100, 3, 1025
"d:\CMS\CMS-15\frontend\dist\frontend\browser\chunk-RJ6VTVHB.js", "JavaScript", 0, 0, 1534, 0, 0, 0, 0, 5, 4, 1543
"d:\CMS\CMS-15\frontend\dist\frontend\browser\chunk-RWZNEA7W.js", "JavaScript", 0, 0, 873, 0, 0, 0, 0, 2, 2, 877
"d:\CMS\CMS-15\frontend\dist\frontend\browser\chunk-SC4FOGNL.js", "JavaScript", 0, 0, 1800, 0, 0, 0, 0, 160, 14, 1974
"d:\CMS\CMS-15\frontend\dist\frontend\browser\chunk-TDAQ4TKV.js", "JavaScript", 0, 0, 913, 0, 0, 0, 0, 1, 1, 915
"d:\CMS\CMS-15\frontend\dist\frontend\browser\chunk-UPM7QJY2.js", "JavaScript", 0, 0, 810, 0, 0, 0, 0, 1, 1, 812
"d:\CMS\CMS-15\frontend\dist\frontend\browser\chunk-VL63TQLG.js", "JavaScript", 0, 0, 72, 0, 0, 0, 0, 3, 3, 78
"d:\CMS\CMS-15\frontend\dist\frontend\browser\chunk-WDMUDEB6.js", "JavaScript", 0, 0, 57, 0, 0, 0, 0, 1, 2, 60
"d:\CMS\CMS-15\frontend\dist\frontend\browser\chunk-WHSRZFUE.js", "JavaScript", 0, 0, 16, 0, 0, 0, 0, 2, 2, 20
"d:\CMS\CMS-15\frontend\dist\frontend\browser\chunk-WTEH3A2J.js", "JavaScript", 0, 0, 105, 0, 0, 0, 0, 2, 3, 110
"d:\CMS\CMS-15\frontend\dist\frontend\browser\chunk-XJKC2PWM.js", "JavaScript", 0, 0, 977, 0, 0, 0, 0, 2, 2, 981
"d:\CMS\CMS-15\frontend\dist\frontend\browser\chunk-XMQEPIED.js", "JavaScript", 0, 0, 116, 0, 0, 0, 0, 3, 3, 122
"d:\CMS\CMS-15\frontend\dist\frontend\browser\chunk-XULMBIL5.js", "JavaScript", 0, 0, 107, 0, 0, 0, 0, 6, 3, 116
"d:\CMS\CMS-15\frontend\dist\frontend\browser\chunk-YLQL6CBS.js", "JavaScript", 0, 0, 64, 0, 0, 0, 0, 2, 3, 69
"d:\CMS\CMS-15\frontend\dist\frontend\browser\chunk-ZO2HL2TD.js", "JavaScript", 0, 0, 425, 0, 0, 0, 0, 2, 3, 430
"d:\CMS\CMS-15\frontend\dist\frontend\browser\index.html", "HTML", 0, 0, 0, 0, 0, 16, 0, 0, 1, 17
"d:\CMS\CMS-15\frontend\dist\frontend\browser\main.js", "JavaScript", 0, 0, 6209, 0, 0, 0, 0, 130, 20, 6359
"d:\CMS\CMS-15\frontend\dist\frontend\browser\polyfills.js", "JavaScript", 0, 0, 2366, 0, 0, 0, 0, 23, 1, 2390
"d:\CMS\CMS-15\frontend\dist\frontend\browser\styles.css", "PostCSS", 0, 0, 0, 0, 0, 0, 3467, 4, 4, 3475
"d:\CMS\CMS-15\frontend\dist\frontend\prerendered-routes.json", "JSON", 3, 0, 0, 0, 0, 0, 0, 0, 0, 3
"d:\CMS\CMS-15\frontend\package-lock.json", "JSON", 24728, 0, 0, 0, 0, 0, 0, 0, 1, 24729
"d:\CMS\CMS-15\frontend\package.json", "JSON", 68, 0, 0, 0, 0, 0, 0, 0, 1, 69
"d:\CMS\CMS-15\frontend\postcss.config.js", "JavaScript", 0, 0, 6, 0, 0, 0, 0, 0, 1, 7
"d:\CMS\CMS-15\frontend\src\app\app.component.ts", "TypeScript", 0, 0, 0, 0, 13, 0, 0, 0, 2, 15
"d:\CMS\CMS-15\frontend\src\app\app.config.ts", "TypeScript", 0, 0, 0, 0, 37, 0, 0, 2, 5, 44
"d:\CMS\CMS-15\frontend\src\app\app.routes.ts", "TypeScript", 0, 0, 0, 0, 167, 0, 0, 0, 2, 169
"d:\CMS\CMS-15\frontend\src\app\core\guards\admin.guard.ts", "TypeScript", 0, 0, 0, 0, 27, 0, 0, 0, 2, 29
"d:\CMS\CMS-15\frontend\src\app\core\guards\checker.guard.ts", "TypeScript", 0, 0, 0, 0, 31, 0, 0, 0, 2, 33
"d:\CMS\CMS-15\frontend\src\app\core\guards\maker.guard.ts", "TypeScript", 0, 0, 0, 0, 31, 0, 0, 0, 2, 33
"d:\CMS\CMS-15\frontend\src\app\core\interceptors\jwt.interceptor.ts", "TypeScript", 0, 0, 0, 0, 37, 0, 0, 0, 5, 42
"d:\CMS\CMS-15\frontend\src\app\core\interceptors\loading.interceptor.ts", "TypeScript", 0, 0, 0, 0, 12, 0, 0, 0, 2, 14
"d:\CMS\CMS-15\frontend\src\app\core\models\admin.model.ts", "TypeScript", 0, 0, 0, 0, 341, 0, 0, 2, 46, 389
"d:\CMS\CMS-15\frontend\src\app\core\models\api-response.model.ts", "TypeScript", 0, 0, 0, 0, 16, 0, 0, 0, 2, 18
"d:\CMS\CMS-15\frontend\src\app\core\models\audit.model.ts", "TypeScript", 0, 0, 0, 0, 12, 0, 0, 0, 1, 13
"d:\CMS\CMS-15\frontend\src\app\core\models\consent-translation.model.ts", "TypeScript", 0, 0, 0, 0, 6, 0, 0, 0, 1, 7
"d:\CMS\CMS-15\frontend\src\app\core\models\consent.model.ts", "TypeScript", 0, 0, 0, 0, 84, 0, 0, 0, 10, 94
"d:\CMS\CMS-15\frontend\src\app\core\models\public-consent-invite.model.ts", "TypeScript", 0, 0, 0, 0, 13, 0, 0, 2, 3, 18
"d:\CMS\CMS-15\frontend\src\app\core\models\user.model.ts", "TypeScript", 0, 0, 0, 0, 14, 0, 0, 0, 2, 16
"d:\CMS\CMS-15\frontend\src\app\core\models\workflow.model.ts", "TypeScript", 0, 0, 0, 0, 154, 0, 0, 1, 13, 168
"d:\CMS\CMS-15\frontend\src\app\core\services\admin-rule-engine.service.ts", "TypeScript", 0, 0, 0, 0, 91, 0, 0, 87, 24, 202
"d:\CMS\CMS-15\frontend\src\app\core\services\admin.service.ts", "TypeScript", 0, 0, 0, 0, 484, 0, 0, 0, 51, 535
"d:\CMS\CMS-15\frontend\src\app\core\services\audit.service.ts", "TypeScript", 0, 0, 0, 0, 45, 0, 0, 0, 5, 50
"d:\CMS\CMS-15\frontend\src\app\core\services\auth.service.ts", "TypeScript", 0, 0, 0, 0, 137, 0, 0, 1, 18, 156
"d:\CMS\CMS-15\frontend\src\app\core\services\broadcasts.service.ts", "TypeScript", 0, 0, 0, 0, 137, 0, 0, 8, 18, 163
"d:\CMS\CMS-15\frontend\src\app\core\services\consent-rules.service.ts", "TypeScript", 0, 0, 0, 0, 84, 0, 0, 3, 13, 100
"d:\CMS\CMS-15\frontend\src\app\core\services\consent.service.ts", "TypeScript", 0, 0, 0, 0, 258, 0, 0, 3, 24, 285
"d:\CMS\CMS-15\frontend\src\app\core\services\loading.service.ts", "TypeScript", 0, 0, 0, 0, 21, 0, 0, 0, 5, 26
"d:\CMS\CMS-15\frontend\src\app\core\services\logger.service.ts", "TypeScript", 0, 0, 0, 0, 44, 0, 0, 0, 7, 51
"d:\CMS\CMS-15\frontend\src\app\core\services\logout-flow.service.ts", "TypeScript", 0, 0, 0, 0, 33, 0, 0, 0, 3, 36
"d:\CMS\CMS-15\frontend\src\app\core\services\merge-tag.service.ts", "TypeScript", 0, 0, 0, 0, 44, 0, 0, 0, 5, 49
"d:\CMS\CMS-15\frontend\src\app\core\services\notification.service.ts", "TypeScript", 0, 0, 0, 0, 105, 0, 0, 4, 23, 132
"d:\CMS\CMS-15\frontend\src\app\core\services\public-consent-invite.service.ts", "TypeScript", 0, 0, 0, 0, 21, 0, 0, 0, 4, 25
"d:\CMS\CMS-15\frontend\src\app\core\services\public-consent-translation.service.ts", "TypeScript", 0, 0, 0, 0, 22, 0, 0, 0, 3, 25
"d:\CMS\CMS-15\frontend\src\app\core\services\segments.service.ts", "TypeScript", 0, 0, 0, 0, 20, 0, 0, 0, 3, 23
"d:\CMS\CMS-15\frontend\src\app\core\utils\merge-tags.util.ts", "TypeScript", 0, 0, 0, 0, 12, 0, 0, 0, 2, 14
"d:\CMS\CMS-15\frontend\src\app\features\admin\admin-broadcast-ops\admin-broadcast-ops.component.html", "HTML", 0, 0, 0, 0, 0, 296, 0, 23, 28, 347
"d:\CMS\CMS-15\frontend\src\app\features\admin\admin-broadcast-ops\admin-broadcast-ops.component.scss", "SCSS", 0, 0, 0, 325, 0, 0, 0, 13, 55, 393
"d:\CMS\CMS-15\frontend\src\app\features\admin\admin-broadcast-ops\admin-broadcast-ops.component.ts", "TypeScript", 0, 0, 0, 0, 338, 0, 0, 14, 41, 393
"d:\CMS\CMS-15\frontend\src\app\features\admin\admin-capture-consent\admin-capture-consent.component.html", "HTML", 0, 0, 0, 0, 0, 179, 0, 2, 21, 202
"d:\CMS\CMS-15\frontend\src\app\features\admin\admin-capture-consent\admin-capture-consent.component.scss", "SCSS", 0, 0, 0, 321, 0, 0, 0, 9, 56, 386
"d:\CMS\CMS-15\frontend\src\app\features\admin\admin-capture-consent\admin-capture-consent.component.ts", "TypeScript", 0, 0, 0, 0, 287, 0, 0, 297, 66, 650
"d:\CMS\CMS-15\frontend\src\app\features\admin\admin-dashboard\admin-dashboard.component.html", "HTML", 0, 0, 0, 0, 0, 189, 0, 0, 8, 197
"d:\CMS\CMS-15\frontend\src\app\features\admin\admin-dashboard\admin-dashboard.component.scss", "SCSS", 0, 0, 0, 311, 0, 0, 0, 0, 55, 366
"d:\CMS\CMS-15\frontend\src\app\features\admin\admin-dashboard\admin-dashboard.component.ts", "TypeScript", 0, 0, 0, 0, 164, 0, 0, 0, 14, 178
"d:\CMS\CMS-15\frontend\src\app\features\admin\admin-layout\admin-layout.component.scss", "SCSS", 0, 0, 0, 19, 0, 0, 0, 0, 3, 22
"d:\CMS\CMS-15\frontend\src\app\features\admin\admin-layout\admin-layout.component.ts", "TypeScript", 0, 0, 0, 0, 42, 0, 0, 0, 6, 48
"d:\CMS\CMS-15\frontend\src\app\features\admin\admin-mis-reports\admin-mis-reports.component.html", "HTML", 0, 0, 0, 0, 0, 117, 0, 51, 15, 183
"d:\CMS\CMS-15\frontend\src\app\features\admin\admin-mis-reports\admin-mis-reports.component.scss", "SCSS", 0, 0, 0, 82, 0, 0, 0, 32, 21, 135
"d:\CMS\CMS-15\frontend\src\app\features\admin\admin-mis-reports\admin-mis-reports.component.ts", "TypeScript", 0, 0, 0, 0, 38, 0, 0, 0, 2, 40
"d:\CMS\CMS-15\frontend\src\app\features\admin\admin-mis-reports\mis-report-active-consents-tab\mis-report-active-consents-tab.component.html", "HTML", 0, 0, 0, 0, 0, 249, 0, 78, 36, 363
"d:\CMS\CMS-15\frontend\src\app\features\admin\admin-mis-reports\mis-report-active-consents-tab\mis-report-active-consents-tab.component.scss", "SCSS", 0, 0, 0, 406, 0, 0, 0, 387, 119, 912
"d:\CMS\CMS-15\frontend\src\app\features\admin\admin-mis-reports\mis-report-active-consents-tab\mis-report-active-consents-tab.component.ts", "TypeScript", 0, 0, 0, 0, 131, 0, 0, 132, 49, 312
"d:\CMS\CMS-15\frontend\src\app\features\admin\admin-mis-reports\mis-report-audit-tab\mis-report-audit-tab.component.html", "HTML", 0, 0, 0, 0, 0, 77, 0, 0, 5, 82
"d:\CMS\CMS-15\frontend\src\app\features\admin\admin-mis-reports\mis-report-audit-tab\mis-report-audit-tab.component.scss", "SCSS", 0, 0, 0, 190, 0, 0, 0, 80, 37, 307
"d:\CMS\CMS-15\frontend\src\app\features\admin\admin-mis-reports\mis-report-audit-tab\mis-report-audit-tab.component.ts", "TypeScript", 0, 0, 0, 0, 170, 0, 0, 0, 14, 184
"d:\CMS\CMS-15\frontend\src\app\features\admin\admin-mis-reports\mis-report-channel-deep-dive-tab\mis-report-channel-deep-dive-tab.component.html", "HTML", 0, 0, 0, 0, 0, 192, 0, 87, 10, 289
"d:\CMS\CMS-15\frontend\src\app\features\admin\admin-mis-reports\mis-report-channel-deep-dive-tab\mis-report-channel-deep-dive-tab.component.scss", "SCSS", 0, 0, 0, 443, 0, 0, 0, 109, 102, 654
"d:\CMS\CMS-15\frontend\src\app\features\admin\admin-mis-reports\mis-report-channel-deep-dive-tab\mis-report-channel-deep-dive-tab.component.ts", "TypeScript", 0, 0, 0, 0, 175, 0, 0, 127, 37, 339
"d:\CMS\CMS-15\frontend\src\app\features\admin\admin-mis-reports\mis-report-compliance-tab\mis-report-compliance-tab.component.html", "HTML", 0, 0, 0, 0, 0, 159, 0, 0, 6, 165
"d:\CMS\CMS-15\frontend\src\app\features\admin\admin-mis-reports\mis-report-compliance-tab\mis-report-compliance-tab.component.scss", "SCSS", 0, 0, 0, 327, 0, 0, 0, 158, 60, 545
"d:\CMS\CMS-15\frontend\src\app\features\admin\admin-mis-reports\mis-report-compliance-tab\mis-report-compliance-tab.component.ts", "TypeScript", 0, 0, 0, 0, 203, 0, 0, 30, 16, 249
"d:\CMS\CMS-15\frontend\src\app\features\admin\admin-mis-reports\mis-report-consent-inventory-tab\mis-report-consent-inventory-tab.component.html", "HTML", 0, 0, 0, 0, 0, 226, 0, 154, 17, 397
"d:\CMS\CMS-15\frontend\src\app\features\admin\admin-mis-reports\mis-report-consent-inventory-tab\mis-report-consent-inventory-tab.component.scss", "SCSS", 0, 0, 0, 451, 0, 0, 0, 231, 141, 823
"d:\CMS\CMS-15\frontend\src\app\features\admin\admin-mis-reports\mis-report-consent-inventory-tab\mis-report-consent-inventory-tab.component.ts", "TypeScript", 0, 0, 0, 0, 288, 0, 0, 219, 58, 565
"d:\CMS\CMS-15\frontend\src\app\features\admin\admin-mis-reports\mis-report-consent-leaderboard-tab\mis-report-consent-leaderboard-tab.component.html", "HTML", 0, 0, 0, 0, 0, 172, 0, 7, 10, 189
"d:\CMS\CMS-15\frontend\src\app\features\admin\admin-mis-reports\mis-report-consent-leaderboard-tab\mis-report-consent-leaderboard-tab.component.scss", "SCSS", 0, 0, 0, 463, 0, 0, 0, 16, 78, 557
"d:\CMS\CMS-15\frontend\src\app\features\admin\admin-mis-reports\mis-report-consent-leaderboard-tab\mis-report-consent-leaderboard-tab.component.ts", "TypeScript", 0, 0, 0, 0, 124, 0, 0, 5, 18, 147
"d:\CMS\CMS-15\frontend\src\app\features\admin\admin-mis-reports\mis-report-customer-consent-tab\mis-report-customer-consent-tab.component.html", "HTML", 0, 0, 0, 0, 0, 129, 0, 93, 11, 233
"d:\CMS\CMS-15\frontend\src\app\features\admin\admin-mis-reports\mis-report-customer-consent-tab\mis-report-customer-consent-tab.component.scss", "SCSS", 0, 0, 0, 348, 0, 0, 0, 128, 75, 551
"d:\CMS\CMS-15\frontend\src\app\features\admin\admin-mis-reports\mis-report-customer-consent-tab\mis-report-customer-consent-tab.component.ts", "TypeScript", 0, 0, 0, 0, 210, 0, 0, 0, 18, 228
"d:\CMS\CMS-15\frontend\src\app\features\admin\admin-mis-reports\mis-report-demographics-tab\mis-report-demographics-tab.component.html", "HTML", 0, 0, 0, 0, 0, 201, 0, 115, 11, 327
"d:\CMS\CMS-15\frontend\src\app\features\admin\admin-mis-reports\mis-report-demographics-tab\mis-report-demographics-tab.component.scss", "SCSS", 0, 0, 0, 460, 0, 0, 0, 136, 111, 707
"d:\CMS\CMS-15\frontend\src\app\features\admin\admin-mis-reports\mis-report-demographics-tab\mis-report-demographics-tab.component.ts", "TypeScript", 0, 0, 0, 0, 87, 0, 0, 97, 24, 208
"d:\CMS\CMS-15\frontend\src\app\features\admin\admin-mis-reports\mis-report-executive-tab\mis-report-executive-tab.component.html", "HTML", 0, 0, 0, 0, 0, 110, 0, 0, 5, 115
"d:\CMS\CMS-15\frontend\src\app\features\admin\admin-mis-reports\mis-report-executive-tab\mis-report-executive-tab.component.scss", "SCSS", 0, 0, 0, 178, 0, 0, 0, 0, 34, 212
"d:\CMS\CMS-15\frontend\src\app\features\admin\admin-mis-reports\mis-report-executive-tab\mis-report-executive-tab.component.ts", "TypeScript", 0, 0, 0, 0, 134, 0, 0, 0, 11, 145
"d:\CMS\CMS-15\frontend\src\app\features\admin\admin-mis-reports\mis-report-expiry-tab\mis-report-expiry-tab.component.html", "HTML", 0, 0, 0, 0, 0, 67, 0, 0, 6, 73
"d:\CMS\CMS-15\frontend\src\app\features\admin\admin-mis-reports\mis-report-expiry-tab\mis-report-expiry-tab.component.scss", "SCSS", 0, 0, 0, 54, 0, 0, 0, 0, 2, 56
"d:\CMS\CMS-15\frontend\src\app\features\admin\admin-mis-reports\mis-report-expiry-tab\mis-report-expiry-tab.component.ts", "TypeScript", 0, 0, 0, 0, 121, 0, 0, 0, 13, 134
"d:\CMS\CMS-15\frontend\src\app\features\admin\admin-mis-reports\mis-report-operational-tab\mis-report-operational-tab.component.html", "HTML", 0, 0, 0, 0, 0, 177, 0, 0, 3, 180
"d:\CMS\CMS-15\frontend\src\app\features\admin\admin-mis-reports\mis-report-operational-tab\mis-report-operational-tab.component.scss", "SCSS", 0, 0, 0, 140, 0, 0, 0, 0, 2, 142
"d:\CMS\CMS-15\frontend\src\app\features\admin\admin-mis-reports\mis-report-operational-tab\mis-report-operational-tab.component.ts", "TypeScript", 0, 0, 0, 0, 210, 0, 0, 0, 19, 229
"d:\CMS\CMS-15\frontend\src\app\features\admin\admin-mis-reports\mis-report-revocation-tab\mis-report-revocation-tab.component.html", "HTML", 0, 0, 0, 0, 0, 81, 0, 0, 6, 87
"d:\CMS\CMS-15\frontend\src\app\features\admin\admin-mis-reports\mis-report-revocation-tab\mis-report-revocation-tab.component.scss", "SCSS", 0, 0, 0, 261, 0, 0, 0, 123, 46, 430
"d:\CMS\CMS-15\frontend\src\app\features\admin\admin-mis-reports\mis-report-revocation-tab\mis-report-revocation-tab.component.ts", "TypeScript", 0, 0, 0, 0, 173, 0, 0, 0, 19, 192
"d:\CMS\CMS-15\frontend\src\app\features\admin\admin-mis-reports\mis-report-scheduled-tab\mis-report-scheduled-tab.component.html", "HTML", 0, 0, 0, 0, 0, 72, 0, 0, 2, 74
"d:\CMS\CMS-15\frontend\src\app\features\admin\admin-mis-reports\mis-report-scheduled-tab\mis-report-scheduled-tab.component.scss", "SCSS", 0, 0, 0, 137, 0, 0, 0, 63, 33, 233
"d:\CMS\CMS-15\frontend\src\app\features\admin\admin-mis-reports\mis-report-scheduled-tab\mis-report-scheduled-tab.component.ts", "TypeScript", 0, 0, 0, 0, 66, 0, 0, 1, 7, 74
"d:\CMS\CMS-15\frontend\src\app\features\admin\admin-rule-engine-dashboard\admin-rule-engine-dashboard.component.html", "HTML", 0, 0, 0, 0, 0, 212, 0, 36, 20, 268
"d:\CMS\CMS-15\frontend\src\app\features\admin\admin-rule-engine-dashboard\admin-rule-engine-dashboard.component.scss", "SCSS", 0, 0, 0, 503, 0, 0, 0, 42, 88, 633
"d:\CMS\CMS-15\frontend\src\app\features\admin\admin-rule-engine-dashboard\admin-rule-engine-dashboard.component.ts", "TypeScript", 0, 0, 0, 0, 213, 0, 0, 8, 28, 249
"d:\CMS\CMS-15\frontend\src\app\features\admin\admin-sidebar\admin-sidebar.component.scss", "SCSS", 0, 0, 0, 137, 0, 0, 0, 144, 45, 326
"d:\CMS\CMS-15\frontend\src\app\features\admin\admin-sidebar\admin-sidebar.component.ts", "TypeScript", 0, 0, 0, 0, 59, 0, 0, 0, 3, 62
"d:\CMS\CMS-15\frontend\src\app\features\admin\admin-topbar\admin-topbar.component.scss", "SCSS", 0, 0, 0, 61, 0, 0, 0, 0, 9, 70
"d:\CMS\CMS-15\frontend\src\app\features\admin\admin-topbar\admin-topbar.component.ts", "TypeScript", 0, 0, 0, 0, 36, 0, 0, 0, 4, 40
"d:\CMS\CMS-15\frontend\src\app\features\admin\admin-user-management\admin-user-management.component.html", "HTML", 0, 0, 0, 0, 0, 151, 0, 4, 11, 166
"d:\CMS\CMS-15\frontend\src\app\features\admin\admin-user-management\admin-user-management.component.scss", "SCSS", 0, 0, 0, 310, 0, 0, 0, 5, 54, 369
"d:\CMS\CMS-15\frontend\src\app\features\admin\admin-user-management\admin-user-management.component.spec.ts", "TypeScript", 0, 0, 0, 0, 0, 0, 0, 18, 6, 24
"d:\CMS\CMS-15\frontend\src\app\features\admin\admin-user-management\admin-user-management.component.ts", "TypeScript", 0, 0, 0, 0, 204, 0, 0, 4, 28, 236
"d:\CMS\CMS-15\frontend\src\app\features\admin\admin.routes.ts", "TypeScript", 0, 0, 0, 0, 53, 0, 0, 0, 2, 55
"d:\CMS\CMS-15\frontend\src\app\features\admin\rule-engine-rule-detail-dialog\rule-engine-rule-detail-dialog.component.ts", "TypeScript", 0, 0, 0, 0, 230, 0, 0, 0, 8, 238
"d:\CMS\CMS-15\frontend\src\app\features\auth\login\login.component.html", "HTML", 0, 0, 0, 0, 0, 67, 0, 0, 3, 70
"d:\CMS\CMS-15\frontend\src\app\features\auth\login\login.component.scss", "SCSS", 0, 0, 0, 112, 0, 0, 0, 1, 19, 132
"d:\CMS\CMS-15\frontend\src\app\features\auth\login\login.component.ts", "TypeScript", 0, 0, 0, 0, 76, 0, 0, 0, 7, 83
"d:\CMS\CMS-15\frontend\src\app\features\checker\checker-broadcast-review\checker-broadcast-review.component.html", "HTML", 0, 0, 0, 0, 0, 45, 0, 0, 5, 50
"d:\CMS\CMS-15\frontend\src\app\features\checker\checker-broadcast-review\checker-broadcast-review.component.scss", "SCSS", 0, 0, 0, 1, 0, 0, 0, 0, 3, 4
"d:\CMS\CMS-15\frontend\src\app\features\checker\checker-broadcast-review\checker-broadcast-review.component.ts", "TypeScript", 0, 0, 0, 0, 147, 0, 0, 0, 9, 156
"d:\CMS\CMS-15\frontend\src\app\features\checker\checker-broadcasts-queue\checker-broadcasts-queue.component.ts", "TypeScript", 0, 0, 0, 0, 106, 0, 0, 0, 3, 109
"d:\CMS\CMS-15\frontend\src\app\features\checker\checker-dashboard\checker-dashboard.component.html", "HTML", 0, 0, 0, 0, 0, 63, 0, 0, 4, 67
"d:\CMS\CMS-15\frontend\src\app\features\checker\checker-dashboard\checker-dashboard.component.scss", "SCSS", 0, 0, 0, 114, 0, 0, 0, 0, 19, 133
"d:\CMS\CMS-15\frontend\src\app\features\checker\checker-dashboard\checker-dashboard.component.ts", "TypeScript", 0, 0, 0, 0, 51, 0, 0, 0, 4, 55
"d:\CMS\CMS-15\frontend\src\app\features\checker\checker-layout\checker-layout.component.scss", "SCSS", 0, 0, 0, 19, 0, 0, 0, 0, 3, 22
"d:\CMS\CMS-15\frontend\src\app\features\checker\checker-layout\checker-layout.component.ts", "TypeScript", 0, 0, 0, 0, 68, 0, 0, 1, 8, 77
"d:\CMS\CMS-15\frontend\src\app\features\checker\checker-rule-review\checker-rule-review.component.html", "HTML", 0, 0, 0, 0, 0, 45, 0, 0, 5, 50
"d:\CMS\CMS-15\frontend\src\app\features\checker\checker-rule-review\checker-rule-review.component.scss", "SCSS", 0, 0, 0, 19, 0, 0, 0, 0, 4, 23
"d:\CMS\CMS-15\frontend\src\app\features\checker\checker-rule-review\checker-rule-review.component.ts", "TypeScript", 0, 0, 0, 0, 144, 0, 0, 0, 8, 152
"d:\CMS\CMS-15\frontend\src\app\features\checker\checker-rules-queue\checker-rules-queue.component.ts", "TypeScript", 0, 0, 0, 0, 106, 0, 0, 0, 3, 109
"d:\CMS\CMS-15\frontend\src\app\features\checker\checker-sidebar\checker-sidebar.component.scss", "SCSS", 0, 0, 0, 146, 0, 0, 0, 148, 47, 341
"d:\CMS\CMS-15\frontend\src\app\features\checker\checker-sidebar\checker-sidebar.component.ts", "TypeScript", 0, 0, 0, 0, 63, 0, 0, 0, 4, 67
"d:\CMS\CMS-15\frontend\src\app\features\checker\checker-topbar\checker-topbar.component.scss", "SCSS", 0, 0, 0, 87, 0, 0, 0, 0, 10, 97
"d:\CMS\CMS-15\frontend\src\app\features\checker\checker-topbar\checker-topbar.component.ts", "TypeScript", 0, 0, 0, 0, 45, 0, 0, 0, 4, 49
"d:\CMS\CMS-15\frontend\src\app\features\checker\consent-review\consent-review.component.html", "HTML", 0, 0, 0, 0, 0, 77, 0, 1, 8, 86
"d:\CMS\CMS-15\frontend\src\app\features\checker\consent-review\consent-review.component.scss", "SCSS", 0, 0, 0, 237, 0, 0, 0, 7, 44, 288
"d:\CMS\CMS-15\frontend\src\app\features\checker\consent-review\consent-review.component.ts", "TypeScript", 0, 0, 0, 0, 198, 0, 0, 1, 10, 209
"d:\CMS\CMS-15\frontend\src\app\features\checker\pending-approvals\pending-approvals.component.html", "HTML", 0, 0, 0, 0, 0, 56, 0, 0, 3, 59
"d:\CMS\CMS-15\frontend\src\app\features\checker\pending-approvals\pending-approvals.component.scss", "SCSS", 0, 0, 0, 126, 0, 0, 0, 0, 24, 150
"d:\CMS\CMS-15\frontend\src\app\features\checker\pending-approvals\pending-approvals.component.ts", "TypeScript", 0, 0, 0, 0, 104, 0, 0, 1, 10, 115
"d:\CMS\CMS-15\frontend\src\app\features\checker\review-history\review-history.component.html", "HTML", 0, 0, 0, 0, 0, 83, 0, 110, 15, 208
"d:\CMS\CMS-15\frontend\src\app\features\checker\review-history\review-history.component.scss", "SCSS", 0, 0, 0, 218, 0, 0, 0, 0, 35, 253
"d:\CMS\CMS-15\frontend\src\app\features\checker\review-history\review-history.component.ts", "TypeScript", 0, 0, 0, 0, 140, 0, 0, 0, 15, 155
"d:\CMS\CMS-15\frontend\src\app\features\maker\audit-trail\audit-trail.component.html", "HTML", 0, 0, 0, 0, 0, 40, 0, 0, 2, 42
"d:\CMS\CMS-15\frontend\src\app\features\maker\audit-trail\audit-trail.component.scss", "SCSS", 0, 0, 0, 35, 0, 0, 0, 0, 7, 42
"d:\CMS\CMS-15\frontend\src\app\features\maker\audit-trail\audit-trail.component.ts", "TypeScript", 0, 0, 0, 0, 54, 0, 0, 0, 7, 61
"d:\CMS\CMS-15\frontend\src\app\features\maker\create-consent\audit-activity-card\audit-activity-card.component.html", "HTML", 0, 0, 0, 0, 0, 35, 0, 0, 2, 37
"d:\CMS\CMS-15\frontend\src\app\features\maker\create-consent\audit-activity-card\audit-activity-card.component.scss", "SCSS", 0, 0, 0, 90, 0, 0, 0, 0, 16, 106
"d:\CMS\CMS-15\frontend\src\app\features\maker\create-consent\audit-activity-card\audit-activity-card.component.ts", "TypeScript", 0, 0, 0, 0, 70, 0, 0, 0, 7, 77
"d:\CMS\CMS-15\frontend\src\app\features\maker\create-consent\consent-details-card\consent-details-card.component.html", "HTML", 0, 0, 0, 0, 0, 89, 0, 0, 9, 98
"d:\CMS\CMS-15\frontend\src\app\features\maker\create-consent\consent-details-card\consent-details-card.component.scss", "SCSS", 0, 0, 0, 103, 0, 0, 0, 0, 18, 121
"d:\CMS\CMS-15\frontend\src\app\features\maker\create-consent\consent-details-card\consent-details-card.component.ts", "TypeScript", 0, 0, 0, 0, 92, 0, 0, 0, 7, 99
"d:\CMS\CMS-15\frontend\src\app\features\maker\create-consent\consent-message-card\consent-message-card.component.html", "HTML", 0, 0, 0, 0, 0, 79, 0, 56, 17, 152
"d:\CMS\CMS-15\frontend\src\app\features\maker\create-consent\consent-message-card\consent-message-card.component.scss", "SCSS", 0, 0, 0, 174, 0, 0, 0, 124, 51, 349
"d:\CMS\CMS-15\frontend\src\app\features\maker\create-consent\consent-message-card\consent-message-card.component.ts", "TypeScript", 0, 0, 0, 0, 225, 0, 0, 141, 56, 422
"d:\CMS\CMS-15\frontend\src\app\features\maker\create-consent\create-consent.component.html", "HTML", 0, 0, 0, 0, 0, 91, 0, 0, 8, 99
"d:\CMS\CMS-15\frontend\src\app\features\maker\create-consent\create-consent.component.scss", "SCSS", 0, 0, 0, 125, 0, 0, 0, 0, 23, 148
"d:\CMS\CMS-15\frontend\src\app\features\maker\create-consent\create-consent.component.ts", "TypeScript", 0, 0, 0, 0, 363, 0, 0, 2, 29, 394
"d:\CMS\CMS-15\frontend\src\app\features\maker\create-consent\delivery-channels-card\delivery-channels-card.component.html", "HTML", 0, 0, 0, 0, 0, 87, 0, 0, 3, 90
"d:\CMS\CMS-15\frontend\src\app\features\maker\create-consent\delivery-channels-card\delivery-channels-card.component.scss", "SCSS", 0, 0, 0, 258, 0, 0, 0, 0, 46, 304
"d:\CMS\CMS-15\frontend\src\app\features\maker\create-consent\delivery-channels-card\delivery-channels-card.component.ts", "TypeScript", 0, 0, 0, 0, 122, 0, 0, 1, 21, 144
"d:\CMS\CMS-15\frontend\src\app\features\maker\maker-broadcast-edit\maker-broadcast-edit.component.html", "HTML", 0, 0, 0, 0, 0, 113, 0, 0, 8, 121
"d:\CMS\CMS-15\frontend\src\app\features\maker\maker-broadcast-edit\maker-broadcast-edit.component.scss", "SCSS", 0, 0, 0, 155, 0, 0, 0, 25, 35, 215
"d:\CMS\CMS-15\frontend\src\app\features\maker\maker-broadcast-edit\maker-broadcast-edit.component.ts", "TypeScript", 0, 0, 0, 0, 270, 0, 0, 0, 23, 293
"d:\CMS\CMS-15\frontend\src\app\features\maker\maker-broadcast-workbench\maker-broadcast-workbench.component.html", "HTML", 0, 0, 0, 0, 0, 96, 0, 85, 14, 195
"d:\CMS\CMS-15\frontend\src\app\features\maker\maker-broadcast-workbench\maker-broadcast-workbench.component.scss", "SCSS", 0, 0, 0, 162, 0, 0, 0, 0, 25, 187
"d:\CMS\CMS-15\frontend\src\app\features\maker\maker-broadcast-workbench\maker-broadcast-workbench.component.ts", "TypeScript", 0, 0, 0, 0, 88, 0, 0, 0, 12, 100
"d:\CMS\CMS-15\frontend\src\app\features\maker\maker-dashboard\maker-dashboard.component.html", "HTML", 0, 0, 0, 0, 0, 85, 0, 0, 4, 89
"d:\CMS\CMS-15\frontend\src\app\features\maker\maker-dashboard\maker-dashboard.component.scss", "SCSS", 0, 0, 0, 175, 0, 0, 0, 0, 25, 200
"d:\CMS\CMS-15\frontend\src\app\features\maker\maker-dashboard\maker-dashboard.component.ts", "TypeScript", 0, 0, 0, 0, 53, 0, 0, 1, 5, 59
"d:\CMS\CMS-15\frontend\src\app\features\maker\maker-layout\maker-layout.component.scss", "SCSS", 0, 0, 0, 19, 0, 0, 0, 0, 3, 22
"d:\CMS\CMS-15\frontend\src\app\features\maker\maker-layout\maker-layout.component.ts", "TypeScript", 0, 0, 0, 0, 58, 0, 0, 1, 8, 67
"d:\CMS\CMS-15\frontend\src\app\features\maker\maker-rule-edit\maker-rule-edit.component.html", "HTML", 0, 0, 0, 0, 0, 132, 0, 0, 12, 144
"d:\CMS\CMS-15\frontend\src\app\features\maker\maker-rule-edit\maker-rule-edit.component.scss", "SCSS", 0, 0, 0, 138, 0, 0, 0, 0, 28, 166
"d:\CMS\CMS-15\frontend\src\app\features\maker\maker-rule-edit\maker-rule-edit.component.ts", "TypeScript", 0, 0, 0, 0, 291, 0, 0, 1, 25, 317
"d:\CMS\CMS-15\frontend\src\app\features\maker\maker-rules-workbench\maker-rules-workbench.component.html", "HTML", 0, 0, 0, 0, 0, 102, 0, 88, 16, 206
"d:\CMS\CMS-15\frontend\src\app\features\maker\maker-rules-workbench\maker-rules-workbench.component.scss", "SCSS", 0, 0, 0, 176, 0, 0, 0, 0, 26, 202
"d:\CMS\CMS-15\frontend\src\app\features\maker\maker-rules-workbench\maker-rules-workbench.component.ts", "TypeScript", 0, 0, 0, 0, 84, 0, 0, 0, 13, 97
"d:\CMS\CMS-15\frontend\src\app\features\maker\maker-sidebar\maker-sidebar.component.scss", "SCSS", 0, 0, 0, 147, 0, 0, 0, 5, 26, 178
"d:\CMS\CMS-15\frontend\src\app\features\maker\maker-sidebar\maker-sidebar.component.ts", "TypeScript", 0, 0, 0, 0, 65, 0, 0, 0, 3, 68
"d:\CMS\CMS-15\frontend\src\app\features\maker\maker-topbar\maker-topbar.component.scss", "SCSS", 0, 0, 0, 87, 0, 0, 0, 0, 11, 98
"d:\CMS\CMS-15\frontend\src\app\features\maker\maker-topbar\maker-topbar.component.ts", "TypeScript", 0, 0, 0, 0, 45, 0, 0, 0, 4, 49
"d:\CMS\CMS-15\frontend\src\app\features\maker\my-consents\my-consents.component.html", "HTML", 0, 0, 0, 0, 0, 83, 0, 0, 3, 86
"d:\CMS\CMS-15\frontend\src\app\features\maker\my-consents\my-consents.component.scss", "SCSS", 0, 0, 0, 136, 0, 0, 0, 0, 24, 160
"d:\CMS\CMS-15\frontend\src\app\features\maker\my-consents\my-consents.component.ts", "TypeScript", 0, 0, 0, 0, 131, 0, 0, 0, 12, 143
"d:\CMS\CMS-15\frontend\src\app\features\public\public-consent-respond\public-consent-respond.component.html", "HTML", 0, 0, 0, 0, 0, 151, 0, 2, 19, 172
"d:\CMS\CMS-15\frontend\src\app\features\public\public-consent-respond\public-consent-respond.component.scss", "SCSS", 0, 0, 0, 237, 0, 0, 0, 0, 39, 276
"d:\CMS\CMS-15\frontend\src\app\features\public\public-consent-respond\public-consent-respond.component.ts", "TypeScript", 0, 0, 0, 0, 147, 0, 0, 0, 9, 156
"d:\CMS\CMS-15\frontend\src\app\features\public\public-consent-translation\public-consent-translation.component.html", "HTML", 0, 0, 0, 0, 0, 30, 0, 0, 3, 33
"d:\CMS\CMS-15\frontend\src\app\features\public\public-consent-translation\public-consent-translation.component.scss", "SCSS", 0, 0, 0, 97, 0, 0, 0, 0, 17, 114
"d:\CMS\CMS-15\frontend\src\app\features\public\public-consent-translation\public-consent-translation.component.ts", "TypeScript", 0, 0, 0, 0, 64, 0, 0, 0, 7, 71
"d:\CMS\CMS-15\frontend\src\app\shared\components\add-merge-tag-dialog\add-merge-tag-dialog.component.html", "HTML", 0, 0, 0, 0, 0, 114, 0, 6, 11, 131
"d:\CMS\CMS-15\frontend\src\app\shared\components\add-merge-tag-dialog\add-merge-tag-dialog.component.scss", "SCSS", 0, 0, 0, 24, 0, 0, 0, 0, 5, 29
"d:\CMS\CMS-15\frontend\src\app\shared\components\add-merge-tag-dialog\add-merge-tag-dialog.component.ts", "TypeScript", 0, 0, 0, 0, 152, 0, 0, 4, 18, 174
"d:\CMS\CMS-15\frontend\src\app\shared\components\broadcast-preview-dialog\broadcast-preview-dialog.component.ts", "TypeScript", 0, 0, 0, 0, 314, 0, 0, 0, 5, 319
"d:\CMS\CMS-15\frontend\src\app\shared\components\confirm-dialog\confirm-dialog.component.ts", "TypeScript", 0, 0, 0, 0, 107, 0, 0, 0, 5, 112
"d:\CMS\CMS-15\frontend\src\app\shared\components\consent-preview-dialog\consent-preview-dialog.component.ts", "TypeScript", 0, 0, 0, 0, 106, 0, 0, 0, 5, 111
"d:\CMS\CMS-15\frontend\src\app\shared\components\loading-overlay\loading-overlay.component.ts", "TypeScript", 0, 0, 0, 0, 19, 0, 0, 0, 2, 21
"d:\CMS\CMS-15\frontend\src\app\shared\components\recurring-schedule-editor\recurring-schedule-editor.component.html", "HTML", 0, 0, 0, 0, 0, 100, 0, 0, 7, 107
"d:\CMS\CMS-15\frontend\src\app\shared\components\recurring-schedule-editor\recurring-schedule-editor.component.scss", "SCSS", 0, 0, 0, 45, 0, 0, 0, 0, 9, 54
"d:\CMS\CMS-15\frontend\src\app\shared\components\recurring-schedule-editor\recurring-schedule-editor.component.ts", "TypeScript", 0, 0, 0, 0, 164, 0, 0, 1, 20, 185
"d:\CMS\CMS-15\frontend\src\app\shared\components\review-action-dialog\review-action-dialog.component.ts", "TypeScript", 0, 0, 0, 0, 106, 0, 0, 0, 6, 112
"d:\CMS\CMS-15\frontend\src\app\shared\components\status-badge\status-badge.component.ts", "TypeScript", 0, 0, 0, 0, 50, 0, 0, 0, 5, 55
"d:\CMS\CMS-15\frontend\src\app\shared\components\toast-container\toast-container.component.html", "HTML", 0, 0, 0, 0, 0, 5, 0, 0, 1, 6
"d:\CMS\CMS-15\frontend\src\app\shared\components\toast-container\toast-container.component.scss", "SCSS", 0, 0, 0, 13, 0, 0, 0, 0, 2, 15
"d:\CMS\CMS-15\frontend\src\app\shared\components\toast-container\toast-container.component.ts", "TypeScript", 0, 0, 0, 0, 17, 0, 0, 0, 3, 20
"d:\CMS\CMS-15\frontend\src\app\shared\components\toast-item\toast-item.component.html", "HTML", 0, 0, 0, 0, 0, 18, 0, 0, 1, 19
"d:\CMS\CMS-15\frontend\src\app\shared\components\toast-item\toast-item.component.scss", "SCSS", 0, 0, 0, 102, 0, 0, 0, 0, 15, 117
"d:\CMS\CMS-15\frontend\src\app\shared\components\toast-item\toast-item.component.ts", "TypeScript", 0, 0, 0, 0, 27, 0, 0, 0, 4, 31
"d:\CMS\CMS-15\frontend\src\app\shared\components\workflow-status-badge\workflow-status-badge.component.ts", "TypeScript", 0, 0, 0, 0, 133, 0, 0, 0, 6, 139
"d:\CMS\CMS-15\frontend\src\app\shared\pipes\consent-type-label.pipe.ts", "TypeScript", 0, 0, 0, 0, 20, 0, 0, 0, 2, 22
"d:\CMS\CMS-15\frontend\src\app\shared\pipes\time-ago.pipe.ts", "TypeScript", 0, 0, 0, 0, 38, 0, 0, 0, 2, 40
"d:\CMS\CMS-15\frontend\src\app\shared\utils\recurring-cron.util.spec.ts", "TypeScript", 0, 0, 0, 0, 65, 0, 0, 0, 8, 73
"d:\CMS\CMS-15\frontend\src\app\shared\utils\recurring-cron.util.ts", "TypeScript", 0, 0, 0, 0, 211, 0, 0, 8, 24, 243
"d:\CMS\CMS-15\frontend\src\environments\environment.prod.ts", "TypeScript", 0, 0, 0, 0, 8, 0, 0, 0, 1, 9
"d:\CMS\CMS-15\frontend\src\environments\environment.ts", "TypeScript", 0, 0, 0, 0, 8, 0, 0, 0, 1, 9
"d:\CMS\CMS-15\frontend\src\index.html", "HTML", 0, 0, 0, 0, 0, 19, 0, 0, 1, 20
"d:\CMS\CMS-15\frontend\src\main.ts", "TypeScript", 0, 0, 0, 0, 4, 0, 0, 0, 2, 6
"d:\CMS\CMS-15\frontend\src\styles.scss", "SCSS", 0, 0, 0, 20, 0, 0, 0, 0, 4, 24
"d:\CMS\CMS-15\frontend\src\styles\_animations.scss", "SCSS", 0, 0, 0, 42, 0, 0, 0, 0, 6, 48
"d:\CMS\CMS-15\frontend\src\styles\_components.scss", "SCSS", 0, 0, 0, 72, 0, 0, 0, 0, 17, 89
"d:\CMS\CMS-15\frontend\src\styles\_forms.scss", "SCSS", 0, 0, 0, 118, 0, 0, 0, 4, 21, 143
"d:\CMS\CMS-15\frontend\src\styles\_mixins.scss", "SCSS", 0, 0, 0, 53, 0, 0, 0, 0, 8, 61
"d:\CMS\CMS-15\frontend\src\styles\_variables.scss", "SCSS", 0, 0, 0, 67, 0, 0, 0, 0, 7, 74
"d:\CMS\CMS-15\frontend\tailwind.config.js", "JavaScript", 0, 0, 11, 0, 0, 0, 0, 1, 1, 13
"d:\CMS\CMS-15\frontend\tsconfig.app.json", "JSON", 10, 0, 0, 0, 0, 0, 0, 0, 1, 11
"d:\CMS\CMS-15\frontend\tsconfig.json", "JSON with Comments", 0, 31, 0, 0, 0, 0, 0, 0, 1, 32
"Total", "-", 25363, 31, 266588, 9876, 11328, 4977, 3467, 31226, 4597, 357453